<ImportExportXml version="9.2.22031.144" SolutionPackageVersion="9.2" languagecode="1033" generatedBy="CrmLive" xmlns:xsi="http://www.w3.org/2001/XMLSchema-instance">
  <SolutionManifest>
    <UniqueName>MyBookings</UniqueName>
    <LocalizedNames>
      <LocalizedName description="MyBookings" languagecode="1033" />
    </LocalizedNames>
    <Descriptions>
      <Description description="This is the solution for MyBookings APP" languagecode="1033" />
    </Descriptions>
    <Version>1.0.0.0</Version>
    <Managed>0</Managed>
    <Publisher>
      <UniqueName>MyBookings</UniqueName>
      <LocalizedNames>
        <LocalizedName description="MyBookings" languagecode="1033" />
      </LocalizedNames>
      <Descriptions>
        <Description description="This is publisher name for MyBookings APP." languagecode="1033" />
      </Descriptions>
      <EMailAddress xsi:nil="true"></EMailAddress>
      <SupportingWebsiteUrl xsi:nil="true"></SupportingWebsiteUrl>
      <CustomizationPrefix>mb</CustomizationPrefix>
      <CustomizationOptionValuePrefix>12453</CustomizationOptionValuePrefix>
      <Addresses>
        <Address>
          <AddressNumber>1</AddressNumber>
          <AddressTypeCode>1</AddressTypeCode>
          <City xsi:nil="true"></City>
          <County xsi:nil="true"></County>
          <Country xsi:nil="true"></Country>
          <Fax xsi:nil="true"></Fax>
          <FreightTermsCode xsi:nil="true"></FreightTermsCode>
          <ImportSequenceNumber xsi:nil="true"></ImportSequenceNumber>
          <Latitude xsi:nil="true"></Latitude>
          <Line1 xsi:nil="true"></Line1>
          <Line2 xsi:nil="true"></Line2>
          <Line3 xsi:nil="true"></Line3>
          <Longitude xsi:nil="true"></Longitude>
          <Name xsi:nil="true"></Name>
          <PostalCode xsi:nil="true"></PostalCode>
          <PostOfficeBox xsi:nil="true"></PostOfficeBox>
          <PrimaryContactName xsi:nil="true"></PrimaryContactName>
          <ShippingMethodCode>1</ShippingMethodCode>
          <StateOrProvince xsi:nil="true"></StateOrProvince>
          <Telephone1 xsi:nil="true"></Telephone1>
          <Telephone2 xsi:nil="true"></Telephone2>
          <Telephone3 xsi:nil="true"></Telephone3>
          <TimeZoneRuleVersionNumber xsi:nil="true"></TimeZoneRuleVersionNumber>
          <UPSZone xsi:nil="true"></UPSZone>
          <UTCOffset xsi:nil="true"></UTCOffset>
          <UTCConversionTimeZoneCode xsi:nil="true"></UTCConversionTimeZoneCode>
        </Address>
        <Address>
          <AddressNumber>2</AddressNumber>
          <AddressTypeCode>1</AddressTypeCode>
          <City xsi:nil="true"></City>
          <County xsi:nil="true"></County>
          <Country xsi:nil="true"></Country>
          <Fax xsi:nil="true"></Fax>
          <FreightTermsCode xsi:nil="true"></FreightTermsCode>
          <ImportSequenceNumber xsi:nil="true"></ImportSequenceNumber>
          <Latitude xsi:nil="true"></Latitude>
          <Line1 xsi:nil="true"></Line1>
          <Line2 xsi:nil="true"></Line2>
          <Line3 xsi:nil="true"></Line3>
          <Longitude xsi:nil="true"></Longitude>
          <Name xsi:nil="true"></Name>
          <PostalCode xsi:nil="true"></PostalCode>
          <PostOfficeBox xsi:nil="true"></PostOfficeBox>
          <PrimaryContactName xsi:nil="true"></PrimaryContactName>
          <ShippingMethodCode>1</ShippingMethodCode>
          <StateOrProvince xsi:nil="true"></StateOrProvince>
          <Telephone1 xsi:nil="true"></Telephone1>
          <Telephone2 xsi:nil="true"></Telephone2>
          <Telephone3 xsi:nil="true"></Telephone3>
          <TimeZoneRuleVersionNumber xsi:nil="true"></TimeZoneRuleVersionNumber>
          <UPSZone xsi:nil="true"></UPSZone>
          <UTCOffset xsi:nil="true"></UTCOffset>
          <UTCConversionTimeZoneCode xsi:nil="true"></UTCConversionTimeZoneCode>
        </Address>
      </Addresses>
    </Publisher>
    <RootComponents>
      <RootComponent type="1" schemaName="mb_carparkspacetype" behavior="0" />
      <RootComponent type="1" schemaName="mb_event" behavior="0" />
      <RootComponent type="1" schemaName="mb_facilitybookingrequest" behavior="0" />
      <RootComponent type="1" schemaName="mb_facilitytype" behavior="0" />
      <RootComponent type="1" schemaName="mb_g_building" behavior="0" />
      <RootComponent type="1" schemaName="mb_g_organisation" behavior="0" />
      <RootComponent type="1" schemaName="mb_g_orgsite" behavior="0" />
      <RootComponent type="1" schemaName="mb_g_region" behavior="0" />
      <RootComponent type="1" schemaName="mb_invitee" behavior="0" />
      <RootComponent type="1" schemaName="mb_inviteetype" behavior="0" />
      <RootComponent type="1" schemaName="mb_orgrtoxref" behavior="0" />
      <RootComponent type="1" schemaName="mb_porternote" behavior="0" />
      <RootComponent type="1" schemaName="mb_resource" behavior="0" />
      <RootComponent type="1" schemaName="mb_resourcebooking" behavior="0" />
      <RootComponent type="1" schemaName="mb_resourcefacilityxref" behavior="0" />
      <RootComponent type="1" schemaName="mb_resourcelayoutxref" behavior="0" />
      <RootComponent type="1" schemaName="mb_resourcemasterdatastatus" behavior="0" />
      <RootComponent type="1" schemaName="mb_resourceownershiptype" behavior="0" />
      <RootComponent type="1" schemaName="mb_resourcetype" behavior="0" />
      <RootComponent type="1" schemaName="mb_roomcombination" behavior="0" />
      <RootComponent type="1" schemaName="mb_roomlayoutarrangements" behavior="0" />
      <RootComponent type="1" schemaName="mb_roomlayouttype" behavior="0" />
      <RootComponent type="1" schemaName="mb_roommangttype" behavior="0" />
      <RootComponent type="9" schemaName="mb_chs_fcltybkngstschoices" behavior="0" />
      <RootComponent type="9" schemaName="mb_evtstatuschoices" behavior="0" />
      <RootComponent type="9" schemaName="mb_g_bcpflrchoices" behavior="0" />
      <RootComponent type="9" schemaName="mb_g_bldwingchoices" behavior="0" />
      <RootComponent type="9" schemaName="mb_g_mbstschoices" behavior="0" />
      <RootComponent type="9" schemaName="mb_lytargmntstschoices" behavior="0" />
      <RootComponent type="9" schemaName="mb_resbldngflrchs" behavior="0" />
      <RootComponent type="29" id="{0d471980-88bb-ec11-983f-0022481becb3}" behavior="0" />
      <RootComponent type="62" schemaName="mb_MyBookingsAdmin" behavior="0" />
      <RootComponent type="62" schemaName="mb_MyBookingsApp" behavior="0" />
      <RootComponent type="80" schemaName="mb_MyBookingsAdmin" behavior="0" />
    </RootComponents>
    <MissingDependencies>
      <MissingDependency>
        <Required type="61" schemaName="msdyn_/Images/AppModule_Default_Icon.png" displayName="msdyn_/Images/AppModule_Default_Icon.png" solution="AppModuleWebResources (2.5)" />
        <Dependent type="80" schemaName="mb_MyBookingsAdmin" displayName="MyBookings Admin" />
      </MissingDependency>
    </MissingDependencies>
  </SolutionManifest>
</ImportExportXml>